Meter Group,Description
C-RVV Baru,Meter Group testing Ahmad
C-RVV Baru,Meter Group testing Ahmad
asd,asd
SSS,SSS
test,test
te,te
Meter group example 1,Meter group description example 1
Meter Group B1,meter group B desc 1
MG AHMAD Ceria,UPDATE-TESTING Ahmad CERIA YA 
B-RVV,B-RVV Decription
Group Testing Nez,Group Testing Nez
Test Meter Group 4,test 4 desc
Test meter group 2,test meter group 2 desc
Test meter group 1 edit,desc meter group edit
group test 5,test desc 5
group test 3,test desc 3
meter groups test 2,test desc 2
meter groups test 1,test desc 1
